input/im1.jpeg, input/im3.jpeg, [1.0, 0.0, 0.0, 0.0, 1.0, 0.0, 0.0, 0.0, 1.0]
input/im1.jpeg, input/im3.jpeg, [0.5739159353583025, -0.30515651581082903, 595.7336294787399, 0.30515651581082903, 0.5739159353583025, 200.8899680609662, 0.0, 0.0, 1.0]
